Entrada;Ex1;Ex2;Ex3;Ex4;Ex5;Ex6;Ex7;Ex8;Ex9;Ex10;Ex11;Ex12;Ex13;Ex14;Ex15;Ex16;Ex17;Ex18;Ex19;Ex20
rigged_matrix1.txt;12;12;12;11;12;12;11;12;12;12;12;11;11;12;12;11;12;12;11;10
rigged_matrix2.txt;12;12;11;12;11;11;12;11;11;12;12;11;11;12;12;12;11;11;11;12
rigged_matrix3.txt;11;12;11;11;12;12;11;11;12;12;11;12;12;12;12;11;12;13;12;13
rigged_matrix4.txt;12;12;11;11;11;11;11;10;10;10;10;10;10;11;10;12;11;12;11;11
rigged_matrix5.txt;12;12;11;11;11;11;11;11;11;11;11;15;11;10;11;12;10;10;11;11
rigged_matrix6.txt;10;11;10;11;10;11;10;10;10;10;12;10;11;11;11;11;10;11;11;12
rigged_matrix7.txt;11;11;12;12;11;11;10;11;11;11;11;12;11;11;11;11;11;11;12;11
rigged_matrix8.txt;11;11;12;11;11;10;11;10;10;11;10;11;11;11;11;11;11;10;11;12
rigged_matrix9.txt;11;11;11;12;11;11;11;11;11;11;11;11;11;11;11;10;11;10;11;11
rigged_matrix10.txt;11;11;12;13;10;11;11;11;11;11;10;11;11;11;11;11;11;11;11;12
rigged_matrix11.txt;12;12;11;12;12;11;11;11;13;11;11;11;12;11;11;11;11;11;11;12
rigged_matrix12.txt;11;11;11;11;10;11;11;11;11;11;11;11;11;11;11;11;11;10;11;11
rigged_matrix13.txt;11;12;12;12;11;11;11;11;11;11;12;11;11;12;12;12;11;12;11;11
rigged_matrix14.txt;11;12;12;12;12;11;12;11;11;11;12;12;11;12;11;12;11;11;11;12
rigged_matrix15.txt;11;12;11;12;12;11;12;12;14;13;13;13;13;13;13;12;13;12;12;12
rigged_matrix16.txt;12;13;12;12;12;13;12;13;13;12;12;12;12;13;12;12;12;12;12;12
rigged_matrix17.txt;12;13;13;13;13;13;12;13;13;12;12;12;12;13;13;13;15;15;15;14
rigged_matrix18.txt;13;13;13;12;13;13;13;12;13;12;13;13;13;13;13;14;13;13;13;12
rigged_matrix19.txt;13;14;17;15;15;14;14;14;15;14;13;13;14;13;14;14;14;14;14;14
rigged_matrix20.txt;13;14;16;14;14;15;15;16;15;15;16;15;15;15;19;18;15;14;15;15
rigged_matrix21.txt;14;16;14;17;14;15;15;14;15;14;14;14;15;15;15;14;14;15;16;15
rigged_matrix22.txt;16;16;17;16;17;16;16;16;15;17;16;16;16;17;16;16;16;16;16;16
rigged_matrix23.txt;23;24;24;20;21;19;20;18;22;14;15;15;19;20;19;16;16;16;15;15
rigged_matrix24.txt;22;22;15;17;20;23;15;15;16;16;15;21;17;16;15;15;16;15;15;16
rigged_matrix25.txt;18;16;17;17;17;17;17;17;16;17;17;19;19;16;16;17;17;17;18;15
rigged_matrix26.txt;17;16;17;17;16;17;17;17;17;18;18;18;17;18;18;18;17;17;18;17
rigged_matrix27.txt;18;19;18;18;19;18;18;19;18;19;19;18;18;19;19;20;17;22;17;18
rigged_matrix28.txt;16;18;16;17;19;17;19;18;17;17;19;18;18;18;18;18;18;20;18;19
rigged_matrix29.txt;18;18;18;18;19;18;19;18;19;19;19;19;18;18;18;18;18;18;19;19
rigged_matrix30.txt;19;18;19;19;18;19;18;18;18;18;19;19;19;18;19;18;19;19;20;19
rigged_matrix31.txt;18;18;18;18;19;17;18;18;18;18;17;18;18;17;18;17;18;18;17;17
rigged_matrix32.txt;17;18;19;19;20;17;18;19;18;19;19;19;19;20;19;18;19;18;21;17
rigged_matrix33.txt;18;18;20;18;18;20;19;19;19;22;18;20;19;19;20;20;19;20;19;20
rigged_matrix34.txt;20;20;20;20;20;19;20;20;21;26;18;19;19;18;19;20;26;19;19;19
rigged_matrix35.txt;19;20;20;20;21;20;21;20;25;20;20;21;20;21;20;21;20;21;20;20
rigged_matrix36.txt;20;20;25;22;20;19;19;19;22;19;21;21;19;24;20;21;20;22;23;22
rigged_matrix37.txt;25;21;22;21;21;21;21;20;21;20;21;20;21;21;20;21;20;20;22;21
rigged_matrix38.txt;21;22;22;22;21;21;22;30;20;20;20;20;22;22;22;20;23;21;21;21
rigged_matrix39.txt;22;21;22;22;22;23;21;22;20;21;22;22;24;21;22;22;22;22;21;21
rigged_matrix40.txt;24;33;33;23;22;22;22;22;21;21;21;21;21;22;21;23;22;22;22;22
rigged_matrix41.txt;22;23;25;23;24;22;25;22;23;23;23;24;24;24;23;23;24;23;23;24
rigged_matrix42.txt;24;24;24;24;24;23;23;23;23;23;24;25;23;23;25;24;24;24;25;24
rigged_matrix43.txt;25;26;24;25;25;24;24;23;25;27;25;24;24;25;24;24;24;24;24;24
rigged_matrix44.txt;26;27;26;26;25;26;25;26;26;25;26;26;27;26;26;25;25;26;26;26
rigged_matrix45.txt;27;27;26;26;26;26;27;25;25;26;26;26;26;27;26;26;26;26;27;26
rigged_matrix46.txt;27;27;26;27;28;28;28;27;28;27;28;27;27;27;27;28;28;27;26;26
rigged_matrix47.txt;29;28;29;30;29;29;30;28;30;29;29;29;29;28;28;29;32;29;29;29
rigged_matrix48.txt;30;30;30;31;26;30;31;30;40;31;31;30;31;30;30;27;33;33;32;33
rigged_matrix49.txt;34;32;32;33;32;31;32;27;28;32;32;33;33;32;32;41;32;34;27;29
rigged_matrix50.txt;33;34;34;33;33;34;33;34;34;34;34;35;35;35;33;34;35;33;33;37
rigged_matrix51.txt;35;36;34;38;35;35;34;35;38;35;35;36;34;34;34;35;36;35;35;35
rigged_matrix52.txt;35;35;36;35;36;34;35;35;36;38;35;35;36;35;36;33;38;38;35;34
rigged_matrix53.txt;41;38;37;35;38;36;36;36;36;37;36;39;39;37;39;36;37;35;38;40
rigged_matrix54.txt;44;38;41;39;36;37;37;37;37;37;40;37;40;37;38;41;40;37;39;39
rigged_matrix55.txt;37;37;38;36;37;36;36;36;37;36;36;38;37;39;36;36;36;37;36;35
rigged_matrix56.txt;37;38;37;37;37;38;39;39;39;37;38;43;38;37;39;43;36;37;37;36
rigged_matrix57.txt;38;40;39;39;40;38;34;34;41;34;41;38;34;34;39;33;39;33;33;46
rigged_matrix58.txt;38;38;35;38;37;41;33;33;38;34;34;35;34;34;34;34;37;34;33;37
rigged_matrix59.txt;34;34;35;36;34;33;34;34;35;35;34;34;34;35;38;41;44;37;34;39
rigged_matrix60.txt;40;38;35;35;35;34;35;35;34;35;35;34;34;34;34;35;34;35;34;34
rigged_matrix61.txt;35;34;35;35;34;34;36;35;35;34;34;36;34;35;35;42;34;35;37;37
rigged_matrix62.txt;36;36;37;37;37;35;36;35;39;35;36;36;35;35;35;36;35;35;35;34
rigged_matrix63.txt;35;35;35;35;36;36;36;35;45;40;36;41;36;35;44;35;35;35;36;37
rigged_matrix64.txt;35;35;35;36;36;36;35;35;35;35;35;35;35;36;35;39;39;35;35;37
rigged_matrix65.txt;35;38;38;36;36;35;36;36;35;36;36;36;35;35;35;36;40;36;36;35
rigged_matrix66.txt;35;37;37;36;37;36;36;37;36;36;37;36;36;35;36;37;37;36;38;36
rigged_matrix67.txt;37;39;35;36;37;40;36;37;36;36;36;38;37;37;37;36;37;40;36;36
rigged_matrix68.txt;36;38;46;37;38;37;40;36;37;38;38;37;37;37;38;36;37;37;37;47
rigged_matrix69.txt;37;37;41;38;43;37;37;37;37;37;38;39;45;39;38;38;38;40;38;38
rigged_matrix70.txt;38;39;38;39;39;38;37;38;38;39;39;41;38;38;54;42;39;38;39;39
rigged_matrix71.txt;39;46;38;39;38;49;38;38;38;39;49;39;38;39;37;37;38;39;38;38
rigged_matrix72.txt;39;39;39;39;39;39;39;38;39;39;38;39;39;39;40;47;46;39;39;38
rigged_matrix73.txt;38;41;43;42;42;39;39;39;40;40;39;40;40;40;39;39;39;40;47;40
rigged_matrix74.txt;40;40;40;42;41;40;40;40;41;43;40;40;39;41;39;40;39;40;46;40
rigged_matrix75.txt;40;40;40;41;40;41;40;41;41;40;41;41;41;41;40;41;42;40;41;40
rigged_matrix76.txt;40;41;41;48;41;48;41;41;41;41;41;42;43;42;41;41;41;41;42;43
rigged_matrix77.txt;41;42;41;41;42;60;42;43;42;41;42;42;41;42;41;41;47;42;41;42
rigged_matrix78.txt;46;46;43;43;43;43;43;44;42;43;43;44;43;47;43;43;43;43;43;43
rigged_matrix79.txt;43;43;46;43;43;42;42;61;43;43;43;43;43;45;43;43;43;43;42;43
rigged_matrix80.txt;45;44;44;44;44;44;44;44;44;43;51;44;44;46;44;43;50;51;44;44
rigged_matrix81.txt;39;42;40;39;40;42;39;39;39;41;39;39;40;39;38;41;39;39;40;39
rigged_matrix82.txt;41;40;42;41;40;41;42;40;40;40;39;41;39;40;55;39;40;39;40;42
rigged_matrix83.txt;40;40;41;41;43;42;41;40;41;40;42;40;41;41;41;40;40;40;41;40
rigged_matrix84.txt;42;41;40;41;41;45;43;43;41;43;41;41;57;41;41;44;41;41;42;42
rigged_matrix85.txt;43;42;42;41;43;42;42;43;42;42;42;42;41;42;44;42;42;42;43;45
rigged_matrix86.txt;44;43;44;44;49;46;42;43;44;44;44;44;43;44;44;43;44;43;43;44
rigged_matrix87.txt;45;45;45;47;45;44;45;45;45;44;44;44;44;45;46;45;44;45;47;46
rigged_matrix88.txt;48;46;46;46;47;46;44;45;45;45;45;45;46;46;46;47;46;45;46;46
rigged_matrix89.txt;47;50;46;48;46;47;46;47;47;46;47;48;47;46;47;48;47;47;47;50
rigged_matrix90.txt;51;50;49;48;48;49;49;48;50;48;48;49;49;49;48;49;50;50;49;48
rigged_matrix91.txt;51;51;51;49;48;49;49;50;50;53;50;49;49;49;49;51;49;49;51;50
rigged_matrix92.txt;51;50;51;52;50;51;50;51;51;54;51;51;51;50;50;54;52;53;52;50
rigged_matrix93.txt;51;52;67;55;60;51;51;52;54;52;68;52;51;51;51;52;53;54;51;52
rigged_matrix94.txt;53;53;53;53;53;55;62;53;64;52;53;53;52;54;52;52;55;53;55;53
rigged_matrix95.txt;53;58;54;55;53;54;53;53;54;52;52;53;54;53;53;53;53;54;53;55
rigged_matrix96.txt;55;55;55;57;55;55;56;55;55;56;55;54;55;54;54;58;54;55;71;55
rigged_matrix97.txt;57;60;56;57;56;60;56;56;57;58;59;60;57;57;59;57;56;55;56;56
rigged_matrix98.txt;58;58;60;64;57;59;57;57;58;57;58;59;59;58;58;59;57;58;57;57
rigged_matrix99.txt;59;59;59;59;60;60;59;59;59;62;62;60;58;60;58;59;59;60;60;60
rigged_matrix100.txt;62;62;61;62;61;61;62;62;62;62;62;61;61;59;62;61;60;61;62;64
